Model,MAE,RMSE,R2
RandomForest,0.020237,0.036889,0.96319
GradientBoosting,0.021051,0.035294,0.966304
